0,0
1,0.003142
2,0.006283
3,0.009425
4,0.012566
5,0.015707
6,0.018848
7,0.021989
8,0.02513
9,0.028271
10,0.031411
11,0.034551
12,0.03769
13,0.040829
14,0.043968
15,0.047106
16,0.050244
17,0.053382
18,0.056519
19,0.059655
20,0.062791
21,0.065926
22,0.06906
23,0.072194
24,0.075327
25,0.078459
26,0.081591
27,0.084721
28,0.087851
29,0.09098
30,0.094108
31,0.097235
32,0.100362
33,0.103487
34,0.106611
35,0.109734
36,0.112856
37,0.115977
38,0.119097
39,0.122216
40,0.125333
41,0.128449
42,0.131564
43,0.134678
44,0.13779
45,0.140901
46,0.144011
47,0.147119
48,0.150226
49,0.153331
50,0.156434
51,0.159537
52,0.162637
53,0.165736
54,0.168833
55,0.171929
56,0.175023
57,0.178115
58,0.181206
59,0.184294
60,0.187381
61,0.190466
62,0.193549
63,0.196631
64,0.19971
65,0.202787
66,0.205863
67,0.208936
68,0.212007
69,0.215076
70,0.218143
71,0.221208
72,0.224271
73,0.227331
74,0.230389
75,0.233445
76,0.236499
77,0.23955
78,0.242599
79,0.245646
80,0.24869
81,0.251732
82,0.254771
83,0.257807
84,0.260842
85,0.263873
86,0.266902
87,0.269928
88,0.272952
89,0.275973
90,0.278991
91,0.282007
92,0.285019
93,0.288029
94,0.291036
95,0.29404
96,0.297042
97,0.30004
98,0.303035
99,0.306028
100,0.309017
101,0.312003
102,0.314987
103,0.317967
104,0.320944
105,0.323917
106,0.326888
107,0.329855
108,0.33282
109,0.33578
110,0.338738
111,0.341692
112,0.344643
113,0.34759
114,0.350534
115,0.353475
116,0.356412
117,0.359345
118,0.362275
119,0.365202
120,0.368125
121,0.371044
122,0.373959
123,0.376871
124,0.379779
125,0.382683
126,0.385584
127,0.388481
128,0.391374
129,0.394263
130,0.397148
131,0.400029
132,0.402906
133,0.40578
134,0.408649
135,0.411514
136,0.414376
137,0.417233
138,0.420086
139,0.422935
140,0.425779
141,0.42862
142,0.431456
143,0.434288
144,0.437116
145,0.439939
146,0.442758
147,0.445573
148,0.448383
149,0.451189
150,0.45399
151,0.456787
152,0.45958
153,0.462368
154,0.465151
155,0.46793
156,0.470704
157,0.473473
158,0.476238
159,0.478998
160,0.481754
161,0.484504
162,0.48725
163,0.489991
164,0.492727
165,0.495459
166,0.498185
167,0.500907
168,0.503623
169,0.506335
170,0.509041
171,0.511743
172,0.51444
173,0.517131
174,0.519817
175,0.522499
176,0.525175
177,0.527846
178,0.530511
179,0.533172
180,0.535827
181,0.538477
182,0.541121
183,0.54376
184,0.546394
185,0.549023
186,0.551646
187,0.554263
188,0.556876
189,0.559482
190,0.562083
191,0.564679
192,0.567269
193,0.569853
194,0.572432
195,0.575005
196,0.577573
197,0.580134
198,0.58269
199,0.585241
200,0.587785
201,0.590324
202,0.592857
203,0.595384
204,0.597905
205,0.60042
206,0.60293
207,0.605433
208,0.60793
209,0.610422
210,0.612907
211,0.615386
212,0.61786
213,0.620327
214,0.622788
215,0.625243
216,0.627691
217,0.630134
218,0.63257
219,0.635
220,0.637424
221,0.639841
222,0.642253
223,0.644657
224,0.647056
225,0.649448
226,0.651834
227,0.654213
228,0.656586
229,0.658952
230,0.661312
231,0.663665
232,0.666012
233,0.668352
234,0.670686
235,0.673013
236,0.675333
237,0.677646
238,0.679953
239,0.682254
240,0.684547
241,0.686834
242,0.689114
243,0.691387
244,0.693653
245,0.695913
246,0.698165
247,0.700411
248,0.70265
249,0.704882
250,0.707107
251,0.709325
252,0.711536
253,0.71374
254,0.715936
255,0.718126
256,0.720309
257,0.722485
258,0.724653
259,0.726814
260,0.728969
261,0.731116
262,0.733255
263,0.735388
264,0.737513
265,0.739631
266,0.741742
267,0.743845
268,0.745941
269,0.74803
270,0.750111
271,0.752185
272,0.754251
273,0.75631
274,0.758362
275,0.760406
276,0.762443
277,0.764472
278,0.766493
279,0.768507
280,0.770513
281,0.772512
282,0.774503
283,0.776487
284,0.778462
285,0.78043
286,0.782391
287,0.784343
288,0.786288
289,0.788226
290,0.790155
291,0.792077
292,0.79399
293,0.795896
294,0.797794
295,0.799685
296,0.801567
297,0.803441
298,0.805308
299,0.807166
300,0.809017
301,0.81086
302,0.812694
303,0.814521
304,0.816339
305,0.81815
306,0.819952
307,0.821746
308,0.823533
309,0.825311
310,0.827081
311,0.828842
312,0.830596
313,0.832341
314,0.834078
315,0.835807
316,0.837528
317,0.83924
318,0.840945
319,0.84264
320,0.844328
321,0.846007
322,0.847678
323,0.84934
324,0.850994
325,0.85264
326,0.854277
327,0.855906
328,0.857527
329,0.859139
330,0.860742
331,0.862337
332,0.863923
333,0.865501
334,0.867071
335,0.868632
336,0.870184
337,0.871727
338,0.873262
339,0.874789
340,0.876307
341,0.877816
342,0.879316
343,0.880808
344,0.882291
345,0.883766
346,0.885231
347,0.886688
348,0.888136
349,0.889576
350,0.891007
351,0.892428
352,0.893841
353,0.895246
354,0.896641
355,0.898028
356,0.899405
357,0.900774
358,0.902134
359,0.903485
360,0.904827
361,0.90616
362,0.907484
363,0.9088
364,0.910106
365,0.911403
366,0.912692
367,0.913971
368,0.915241
369,0.916502
370,0.917755
371,0.918998
372,0.920232
373,0.921457
374,0.922673
375,0.92388
376,0.925077
377,0.926266
378,0.927445
379,0.928615
380,0.929776
381,0.930928
382,0.932071
383,0.933205
384,0.934329
385,0.935444
386,0.93655
387,0.937646
388,0.938734
389,0.939812
390,0.940881
391,0.94194
392,0.942991
393,0.944031
394,0.945063
395,0.946085
396,0.947098
397,0.948102
398,0.949096
399,0.950081
400,0.951057
401,0.952023
402,0.952979
403,0.953927
404,0.954865
405,0.955793
406,0.956712
407,0.957622
408,0.958522
409,0.959412
410,0.960294
411,0.961165
412,0.962028
413,0.96288
414,0.963724
415,0.964557
416,0.965382
417,0.966196
418,0.967001
419,0.967797
420,0.968583
421,0.96936
422,0.970127
423,0.970884
424,0.971632
425,0.97237
426,0.973099
427,0.973817
428,0.974527
429,0.975227
430,0.975917
431,0.976597
432,0.977268
433,0.977929
434,0.978581
435,0.979223
436,0.979855
437,0.980478
438,0.981091
439,0.981694
440,0.982287
441,0.982871
442,0.983445
443,0.98401
444,0.984564
445,0.985109
446,0.985645
447,0.98617
448,0.986686
449,0.987192
450,0.987688
451,0.988175
452,0.988652
453,0.989119
454,0.989576
455,0.990024
456,0.990461
457,0.990889
458,0.991308
459,0.991716
460,0.992115
461,0.992504
462,0.992883
463,0.993252
464,0.993611
465,0.993961
466,0.994301
467,0.994631
468,0.994951
469,0.995261
470,0.995562
471,0.995853
472,0.996134
473,0.996405
474,0.996666
475,0.996917
476,0.997159
477,0.997391
478,0.997613
479,0.997825
480,0.998027
481,0.998219
482,0.998402
483,0.998574
484,0.998737
485,0.99889
486,0.999033
487,0.999166
488,0.999289
489,0.999403
490,0.999507
491,0.9996
492,0.999684
493,0.999758
494,0.999822
495,0.999877
496,0.999921
497,0.999956
498,0.99998
499,0.999995
500,1
501,0.999995
502,0.99998
503,0.999956
504,0.999921
505,0.999877
506,0.999822
507,0.999758
508,0.999684
509,0.9996
510,0.999507
511,0.999403
512,0.999289
513,0.999166
514,0.999033
515,0.99889
516,0.998737
517,0.998574
518,0.998402
519,0.998219
520,0.998027
521,0.997825
522,0.997613
523,0.997391
524,0.997159
525,0.996917
526,0.996666
527,0.996405
528,0.996134
529,0.995853
530,0.995562
531,0.995261
532,0.994951
533,0.994631
534,0.994301
535,0.993961
536,0.993611
537,0.993252
538,0.992883
539,0.992504
540,0.992115
541,0.991716
542,0.991308
543,0.990889
544,0.990461
545,0.990024
546,0.989576
547,0.989119
548,0.988652
549,0.988175
550,0.987688
551,0.987192
552,0.986686
553,0.98617
554,0.985645
555,0.985109
556,0.984564
557,0.98401
558,0.983445
559,0.982871
560,0.982287
561,0.981694
562,0.981091
563,0.980478
564,0.979855
565,0.979223
566,0.978581
567,0.977929
568,0.977268
569,0.976597
570,0.975917
571,0.975227
572,0.974527
573,0.973817
574,0.973099
575,0.97237
576,0.971632
577,0.970884
578,0.970127
579,0.96936
580,0.968583
581,0.967797
582,0.967001
583,0.966196
584,0.965382
585,0.964557
586,0.963724
587,0.96288
588,0.962028
589,0.961165
590,0.960294
591,0.959412
592,0.958522
593,0.957622
594,0.956712
595,0.955793
596,0.954865
597,0.953927
598,0.952979
599,0.952023
600,0.951057
601,0.950081
602,0.949096
603,0.948102
604,0.947098
605,0.946085
606,0.945063
607,0.944031
608,0.942991
609,0.94194
610,0.940881
611,0.939812
612,0.938734
613,0.937646
614,0.93655
615,0.935444
616,0.934329
617,0.933205
618,0.932071
619,0.930928
620,0.929776
621,0.928615
622,0.927445
623,0.926266
624,0.925077
625,0.92388
626,0.922673
627,0.921457
628,0.920232
629,0.918998
630,0.917755
631,0.916502
632,0.915241
633,0.913971
634,0.912692
635,0.911403
636,0.910106
637,0.9088
638,0.907484
639,0.90616
640,0.904827
641,0.903485
642,0.902134
643,0.900774
644,0.899405
645,0.898028
646,0.896641
647,0.895246
648,0.893841
649,0.892428
650,0.891007
651,0.889576
652,0.888136
653,0.886688
654,0.885231
655,0.883766
656,0.882291
657,0.880808
658,0.879316
659,0.877816
660,0.876307
661,0.874789
662,0.873262
663,0.871727
664,0.870184
665,0.868632
666,0.867071
667,0.865501
668,0.863923
669,0.862337
670,0.860742
671,0.859139
672,0.857527
673,0.855906
674,0.854277
675,0.85264
676,0.850994
677,0.84934
678,0.847678
679,0.846007
680,0.844328
681,0.84264
682,0.840945
683,0.83924
684,0.837528
685,0.835807
686,0.834078
687,0.832341
688,0.830596
689,0.828842
690,0.827081
691,0.825311
692,0.823533
693,0.821746
694,0.819952
695,0.81815
696,0.816339
697,0.814521
698,0.812694
699,0.81086
700,0.809017
701,0.807166
702,0.805308
703,0.803441
704,0.801567
705,0.799685
706,0.797794
707,0.795896
708,0.79399
709,0.792077
710,0.790155
711,0.788226
712,0.786288
713,0.784343
714,0.782391
715,0.78043
716,0.778462
717,0.776487
718,0.774503
719,0.772512
720,0.770513
721,0.768507
722,0.766493
723,0.764472
724,0.762443
725,0.760406
726,0.758362
727,0.75631
728,0.754251
729,0.752185
730,0.750111
731,0.74803
732,0.745941
733,0.743845
734,0.741742
735,0.739631
736,0.737513
737,0.735388
738,0.733255
739,0.731116
740,0.728969
741,0.726814
742,0.724653
743,0.722485
744,0.720309
745,0.718126
746,0.715936
747,0.71374
748,0.711536
749,0.709325
750,0.707107
751,0.704882
752,0.70265
753,0.700411
754,0.698165
755,0.695913
756,0.693653
757,0.691387
758,0.689114
759,0.686834
760,0.684547
761,0.682254
762,0.679953
763,0.677646
764,0.675333
765,0.673013
766,0.670686
767,0.668352
768,0.666012
769,0.663665
770,0.661312
771,0.658952
772,0.656586
773,0.654213
774,0.651834
775,0.649448
776,0.647056
777,0.644657
778,0.642253
779,0.639841
780,0.637424
781,0.635
782,0.63257
783,0.630134
784,0.627691
785,0.625243
786,0.622788
787,0.620327
788,0.61786
789,0.615386
790,0.612907
791,0.610422
792,0.60793
793,0.605433
794,0.60293
795,0.60042
796,0.597905
797,0.595384
798,0.592857
799,0.590324
800,0.587785
801,0.585241
802,0.58269
803,0.580134
804,0.577573
805,0.575005
806,0.572432
807,0.569853
808,0.567269
809,0.564679
810,0.562083
811,0.559482
812,0.556876
813,0.554263
814,0.551646
815,0.549023
816,0.546394
817,0.54376
818,0.541121
819,0.538477
820,0.535827
821,0.533172
822,0.530511
823,0.527846
824,0.525175
825,0.522499
826,0.519817
827,0.517131
828,0.51444
829,0.511743
830,0.509041
831,0.506335
832,0.503623
833,0.500907
834,0.498185
835,0.495459
836,0.492727
837,0.489991
838,0.48725
839,0.484504
840,0.481754
841,0.478998
842,0.476238
843,0.473473
844,0.470704
845,0.46793
846,0.465151
847,0.462368
848,0.45958
849,0.456787
850,0.45399
851,0.451189
852,0.448383
853,0.445573
854,0.442758
855,0.439939
856,0.437116
857,0.434288
858,0.431456
859,0.42862
860,0.425779
861,0.422935
862,0.420086
863,0.417233
864,0.414376
865,0.411514
866,0.408649
867,0.40578
868,0.402906
869,0.400029
870,0.397148
871,0.394263
872,0.391374
873,0.388481
874,0.385584
875,0.382683
876,0.379779
877,0.376871
878,0.373959
879,0.371044
880,0.368125
881,0.365202
882,0.362275
883,0.359345
884,0.356412
885,0.353475
886,0.350534
887,0.34759
888,0.344643
889,0.341692
890,0.338738
891,0.33578
892,0.33282
893,0.329855
894,0.326888
895,0.323917
896,0.320944
897,0.317967
898,0.314987
899,0.312003
900,0.309017
901,0.306028
902,0.303035
903,0.30004
904,0.297042
905,0.29404
906,0.291036
907,0.288029
908,0.285019
909,0.282007
910,0.278991
911,0.275973
912,0.272952
913,0.269928
914,0.266902
915,0.263873
916,0.260842
917,0.257807
918,0.254771
919,0.251732
920,0.24869
921,0.245646
922,0.242599
923,0.23955
924,0.236499
925,0.233445
926,0.230389
927,0.227331
928,0.224271
929,0.221208
930,0.218143
931,0.215076
932,0.212007
933,0.208936
934,0.205863
935,0.202787
936,0.19971
937,0.196631
938,0.193549
939,0.190466
940,0.187381
941,0.184294
942,0.181206
943,0.178115
944,0.175023
945,0.171929
946,0.168833
947,0.165736
948,0.162637
949,0.159537
950,0.156434
951,0.153331
952,0.150226
953,0.147119
954,0.144011
955,0.140901
956,0.13779
957,0.134678
958,0.131564
959,0.128449
960,0.125333
961,0.122216
962,0.119097
963,0.115977
964,0.112856
965,0.109734
966,0.106611
967,0.103487
968,0.100362
969,0.097235
970,0.094108
971,0.09098
972,0.087851
973,0.084721
974,0.081591
975,0.078459
976,0.075327
977,0.072194
978,0.06906
979,0.065926
980,0.062791
981,0.059655
982,0.056519
983,0.053382
984,0.050244
985,0.047106
986,0.043968
987,0.040829
988,0.03769
989,0.034551
990,0.031411
991,0.028271
992,0.02513
993,0.021989
994,0.018848
995,0.015707
996,0.012566
997,0.009425
998,0.006283
999,0.003142
1000,0
1001,-0.003142
1002,-0.006283
1003,-0.009425
1004,-0.012566
1005,-0.015707
1006,-0.018848
1007,-0.021989
1008,-0.02513
1009,-0.028271
1010,-0.031411
1011,-0.034551
1012,-0.03769
1013,-0.040829
1014,-0.043968
1015,-0.047106
1016,-0.050244
1017,-0.053382
1018,-0.056519
1019,-0.059655
1020,-0.062791
1021,-0.065926
1022,-0.06906
1023,-0.072194
1024,-0.075327
1025,-0.078459
1026,-0.081591
1027,-0.084721
1028,-0.087851
1029,-0.09098
1030,-0.094108
1031,-0.097235
1032,-0.100362
1033,-0.103487
1034,-0.106611
1035,-0.109734
1036,-0.112856
1037,-0.115977
1038,-0.119097
1039,-0.122216
1040,-0.125333
1041,-0.128449
1042,-0.131564
1043,-0.134678
1044,-0.13779
1045,-0.140901
1046,-0.144011
1047,-0.147119
1048,-0.150226
1049,-0.153331
1050,-0.156434
1051,-0.159537
1052,-0.162637
1053,-0.165736
1054,-0.168833
1055,-0.171929
1056,-0.175023
1057,-0.178115
1058,-0.181206
1059,-0.184294
1060,-0.187381
1061,-0.190466
1062,-0.193549
1063,-0.196631
1064,-0.19971
1065,-0.202787
1066,-0.205863
1067,-0.208936
1068,-0.212007
1069,-0.215076
1070,-0.218143
1071,-0.221208
1072,-0.224271
1073,-0.227331
1074,-0.230389
1075,-0.233445
1076,-0.236499
1077,-0.23955
1078,-0.242599
1079,-0.245646
1080,-0.24869
1081,-0.251732
1082,-0.254771
1083,-0.257807
1084,-0.260842
1085,-0.263873
1086,-0.266902
1087,-0.269928
1088,-0.272952
1089,-0.275973
1090,-0.278991
1091,-0.282007
1092,-0.285019
1093,-0.288029
1094,-0.291036
1095,-0.29404
1096,-0.297042
1097,-0.30004
1098,-0.303035
1099,-0.306028
1100,-0.309017
1101,-0.312003
1102,-0.314987
1103,-0.317967
1104,-0.320944
1105,-0.323917
1106,-0.326888
1107,-0.329855
1108,-0.33282
1109,-0.33578
1110,-0.338738
1111,-0.341692
1112,-0.344643
1113,-0.34759
1114,-0.350534
1115,-0.353475
1116,-0.356412
1117,-0.359345
1118,-0.362275
1119,-0.365202
1120,-0.368125
1121,-0.371044
1122,-0.373959
1123,-0.376871
1124,-0.379779
1125,-0.382683
1126,-0.385584
1127,-0.388481
1128,-0.391374
1129,-0.394263
1130,-0.397148
1131,-0.400029
1132,-0.402906
1133,-0.40578
1134,-0.408649
1135,-0.411514
1136,-0.414376
1137,-0.417233
1138,-0.420086
1139,-0.422935
1140,-0.425779
1141,-0.42862
1142,-0.431456
1143,-0.434288
1144,-0.437116
1145,-0.439939
1146,-0.442758
1147,-0.445573
1148,-0.448383
1149,-0.451189
1150,-0.45399
1151,-0.456787
1152,-0.45958
1153,-0.462368
1154,-0.465151
1155,-0.46793
1156,-0.470704
1157,-0.473473
1158,-0.476238
1159,-0.478998
1160,-0.481754
1161,-0.484504
1162,-0.48725
1163,-0.489991
1164,-0.492727
1165,-0.495459
1166,-0.498185
1167,-0.500907
1168,-0.503623
1169,-0.506335
1170,-0.509041
1171,-0.511743
1172,-0.51444
1173,-0.517131
1174,-0.519817
1175,-0.522499
1176,-0.525175
1177,-0.527846
1178,-0.530511
1179,-0.533172
1180,-0.535827
1181,-0.538477
1182,-0.541121
1183,-0.54376
1184,-0.546394
1185,-0.549023
1186,-0.551646
1187,-0.554263
1188,-0.556876
1189,-0.559482
1190,-0.562083
1191,-0.564679
1192,-0.567269
1193,-0.569853
1194,-0.572432
1195,-0.575005
1196,-0.577573
1197,-0.580134
1198,-0.58269
1199,-0.585241
1200,-0.587785
1201,-0.590324
1202,-0.592857
1203,-0.595384
1204,-0.597905
1205,-0.60042
1206,-0.60293
1207,-0.605433
1208,-0.60793
1209,-0.610422
1210,-0.612907
1211,-0.615386
1212,-0.61786
1213,-0.620327
1214,-0.622788
1215,-0.625243
1216,-0.627691
1217,-0.630134
1218,-0.63257
1219,-0.635
1220,-0.637424
1221,-0.639841
1222,-0.642253
1223,-0.644657
1224,-0.647056
1225,-0.649448
1226,-0.651834
1227,-0.654213
1228,-0.656586
1229,-0.658952
1230,-0.661312
1231,-0.663665
1232,-0.666012
1233,-0.668352
1234,-0.670686
1235,-0.673013
1236,-0.675333
1237,-0.677646
1238,-0.679953
1239,-0.682254
1240,-0.684547
1241,-0.686834
1242,-0.689114
1243,-0.691387
1244,-0.693653
1245,-0.695913
1246,-0.698165
1247,-0.700411
1248,-0.70265
1249,-0.704882
1250,-0.707107
1251,-0.709325
1252,-0.711536
1253,-0.71374
1254,-0.715936
1255,-0.718126
1256,-0.720309
1257,-0.722485
1258,-0.724653
1259,-0.726814
1260,-0.728969
1261,-0.731116
1262,-0.733255
1263,-0.735388
1264,-0.737513
1265,-0.739631
1266,-0.741742
1267,-0.743845
1268,-0.745941
1269,-0.74803
1270,-0.750111
1271,-0.752185
1272,-0.754251
1273,-0.75631
1274,-0.758362
1275,-0.760406
1276,-0.762443
1277,-0.764472
1278,-0.766493
1279,-0.768507
1280,-0.770513
1281,-0.772512
1282,-0.774503
1283,-0.776487
1284,-0.778462
1285,-0.78043
1286,-0.782391
1287,-0.784343
1288,-0.786288
1289,-0.788226
1290,-0.790155
1291,-0.792077
1292,-0.79399
1293,-0.795896
1294,-0.797794
1295,-0.799685
1296,-0.801567
1297,-0.803441
1298,-0.805308
1299,-0.807166
1300,-0.809017
1301,-0.81086
1302,-0.812694
1303,-0.814521
1304,-0.816339
1305,-0.81815
1306,-0.819952
1307,-0.821746
1308,-0.823533
1309,-0.825311
1310,-0.827081
1311,-0.828842
1312,-0.830596
1313,-0.832341
1314,-0.834078
1315,-0.835807
1316,-0.837528
1317,-0.83924
1318,-0.840945
1319,-0.84264
1320,-0.844328
1321,-0.846007
1322,-0.847678
1323,-0.84934
1324,-0.850994
1325,-0.85264
1326,-0.854277
1327,-0.855906
1328,-0.857527
1329,-0.859139
1330,-0.860742
1331,-0.862337
1332,-0.863923
1333,-0.865501
1334,-0.867071
1335,-0.868632
1336,-0.870184
1337,-0.871727
1338,-0.873262
1339,-0.874789
1340,-0.876307
1341,-0.877816
1342,-0.879316
1343,-0.880808
1344,-0.882291
1345,-0.883766
1346,-0.885231
1347,-0.886688
1348,-0.888136
1349,-0.889576
1350,-0.891007
1351,-0.892428
1352,-0.893841
1353,-0.895246
1354,-0.896641
1355,-0.898028
1356,-0.899405
1357,-0.900774
1358,-0.902134
1359,-0.903485
1360,-0.904827
1361,-0.90616
1362,-0.907484
1363,-0.9088
1364,-0.910106
1365,-0.911403
1366,-0.912692
1367,-0.913971
1368,-0.915241
1369,-0.916502
1370,-0.917755
1371,-0.918998
1372,-0.920232
1373,-0.921457
1374,-0.922673
1375,-0.92388
1376,-0.925077
1377,-0.926266
1378,-0.927445
1379,-0.928615
1380,-0.929776
1381,-0.930928
1382,-0.932071
1383,-0.933205
1384,-0.934329
1385,-0.935444
1386,-0.93655
1387,-0.937646
1388,-0.938734
1389,-0.939812
1390,-0.940881
1391,-0.94194
1392,-0.942991
1393,-0.944031
1394,-0.945063
1395,-0.946085
1396,-0.947098
1397,-0.948102
1398,-0.949096
1399,-0.950081
1400,-0.951057
1401,-0.952023
1402,-0.952979
1403,-0.953927
1404,-0.954865
1405,-0.955793
1406,-0.956712
1407,-0.957622
1408,-0.958522
1409,-0.959412
1410,-0.960294
1411,-0.961165
1412,-0.962028
1413,-0.96288
1414,-0.963724
1415,-0.964557
1416,-0.965382
1417,-0.966196
1418,-0.967001
1419,-0.967797
1420,-0.968583
1421,-0.96936
1422,-0.970127
1423,-0.970884
1424,-0.971632
1425,-0.97237
1426,-0.973099
1427,-0.973817
1428,-0.974527
1429,-0.975227
1430,-0.975917
1431,-0.976597
1432,-0.977268
1433,-0.977929
1434,-0.978581
1435,-0.979223
1436,-0.979855
1437,-0.980478
1438,-0.981091
1439,-0.981694
1440,-0.982287
1441,-0.982871
1442,-0.983445
1443,-0.98401
1444,-0.984564
1445,-0.985109
1446,-0.985645
1447,-0.98617
1448,-0.986686
1449,-0.987192
1450,-0.987688
1451,-0.988175
1452,-0.988652
1453,-0.989119
1454,-0.989576
1455,-0.990024
1456,-0.990461
1457,-0.990889
1458,-0.991308
1459,-0.991716
1460,-0.992115
1461,-0.992504
1462,-0.992883
1463,-0.993252
1464,-0.993611
1465,-0.993961
1466,-0.994301
1467,-0.994631
1468,-0.994951
1469,-0.995261
1470,-0.995562
1471,-0.995853
1472,-0.996134
1473,-0.996405
1474,-0.996666
1475,-0.996917
1476,-0.997159
1477,-0.997391
1478,-0.997613
1479,-0.997825
1480,-0.998027
1481,-0.998219
1482,-0.998402
1483,-0.998574
1484,-0.998737
1485,-0.99889
1486,-0.999033
1487,-0.999166
1488,-0.999289
1489,-0.999403
1490,-0.999507
1491,-0.9996
1492,-0.999684
1493,-0.999758
1494,-0.999822
1495,-0.999877
1496,-0.999921
1497,-0.999956
1498,-0.99998
1499,-0.999995
1500,-1
1501,-0.999995
1502,-0.99998
1503,-0.999956
1504,-0.999921
1505,-0.999877
1506,-0.999822
1507,-0.999758
1508,-0.999684
1509,-0.9996
1510,-0.999507
1511,-0.999403
1512,-0.999289
1513,-0.999166
1514,-0.999033
1515,-0.99889
1516,-0.998737
1517,-0.998574
1518,-0.998402
1519,-0.998219
1520,-0.998027
1521,-0.997825
1522,-0.997613
1523,-0.997391
1524,-0.997159
1525,-0.996917
1526,-0.996666
1527,-0.996405
1528,-0.996134
1529,-0.995853
1530,-0.995562
1531,-0.995261
1532,-0.994951
1533,-0.994631
1534,-0.994301
1535,-0.993961
1536,-0.993611
1537,-0.993252
1538,-0.992883
1539,-0.992504
1540,-0.992115
1541,-0.991716
1542,-0.991308
1543,-0.990889
1544,-0.990461
1545,-0.990024
1546,-0.989576
1547,-0.989119
1548,-0.988652
1549,-0.988175
1550,-0.987688
1551,-0.987192
1552,-0.986686
1553,-0.98617
1554,-0.985645
1555,-0.985109
1556,-0.984564
1557,-0.98401
1558,-0.983445
1559,-0.982871
1560,-0.982287
1561,-0.981694
1562,-0.981091
1563,-0.980478
1564,-0.979855
1565,-0.979223
1566,-0.978581
1567,-0.977929
1568,-0.977268
1569,-0.976597
1570,-0.975917
1571,-0.975227
1572,-0.974527
1573,-0.973817
1574,-0.973099
1575,-0.97237
1576,-0.971632
1577,-0.970884
1578,-0.970127
1579,-0.96936
1580,-0.968583
1581,-0.967797
1582,-0.967001
1583,-0.966196
1584,-0.965382
1585,-0.964557
1586,-0.963724
1587,-0.96288
1588,-0.962028
1589,-0.961165
1590,-0.960294
1591,-0.959412
1592,-0.958522
1593,-0.957622
1594,-0.956712
1595,-0.955793
1596,-0.954865
1597,-0.953927
1598,-0.952979
1599,-0.952023
1600,-0.951057
1601,-0.950081
1602,-0.949096
1603,-0.948102
1604,-0.947098
1605,-0.946085
1606,-0.945063
1607,-0.944031
1608,-0.942991
1609,-0.94194
1610,-0.940881
1611,-0.939812
1612,-0.938734
1613,-0.937646
1614,-0.93655
1615,-0.935444
1616,-0.934329
1617,-0.933205
1618,-0.932071
1619,-0.930928
1620,-0.929776
1621,-0.928615
1622,-0.927445
1623,-0.926266
1624,-0.925077
1625,-0.92388
1626,-0.922673
1627,-0.921457
1628,-0.920232
1629,-0.918998
1630,-0.917755
1631,-0.916502
1632,-0.915241
1633,-0.913971
1634,-0.912692
1635,-0.911403
1636,-0.910106
1637,-0.9088
1638,-0.907484
1639,-0.90616
1640,-0.904827
1641,-0.903485
1642,-0.902134
1643,-0.900774
1644,-0.899405
1645,-0.898028
1646,-0.896641
1647,-0.895246
1648,-0.893841
1649,-0.892428
1650,-0.891007
1651,-0.889576
1652,-0.888136
1653,-0.886688
1654,-0.885231
1655,-0.883766
1656,-0.882291
1657,-0.880808
1658,-0.879316
1659,-0.877816
1660,-0.876307
1661,-0.874789
1662,-0.873262
1663,-0.871727
1664,-0.870184
1665,-0.868632
1666,-0.867071
1667,-0.865501
1668,-0.863923
1669,-0.862337
1670,-0.860742
1671,-0.859139
1672,-0.857527
1673,-0.855906
1674,-0.854277
1675,-0.85264
1676,-0.850994
1677,-0.84934
1678,-0.847678
1679,-0.846007
1680,-0.844328
1681,-0.84264
1682,-0.840945
1683,-0.83924
1684,-0.837528
1685,-0.835807
1686,-0.834078
1687,-0.832341
1688,-0.830596
1689,-0.828842
1690,-0.827081
1691,-0.825311
1692,-0.823533
1693,-0.821746
1694,-0.819952
1695,-0.81815
1696,-0.816339
1697,-0.814521
1698,-0.812694
1699,-0.81086
1700,-0.809017
1701,-0.807166
1702,-0.805308
1703,-0.803441
1704,-0.801567
1705,-0.799685
1706,-0.797794
1707,-0.795896
1708,-0.79399
1709,-0.792077
1710,-0.790155
1711,-0.788226
1712,-0.786288
1713,-0.784343
1714,-0.782391
1715,-0.78043
1716,-0.778462
1717,-0.776487
1718,-0.774503
1719,-0.772512
1720,-0.770513
1721,-0.768507
1722,-0.766493
1723,-0.764472
1724,-0.762443
1725,-0.760406
1726,-0.758362
1727,-0.75631
1728,-0.754251
1729,-0.752185
1730,-0.750111
1731,-0.74803
1732,-0.745941
1733,-0.743845
1734,-0.741742
1735,-0.739631
1736,-0.737513
1737,-0.735388
1738,-0.733255
1739,-0.731116
1740,-0.728969
1741,-0.726814
1742,-0.724653
1743,-0.722485
1744,-0.720309
1745,-0.718126
1746,-0.715936
1747,-0.71374
1748,-0.711536
1749,-0.709325
1750,-0.707107
1751,-0.704882
1752,-0.70265
1753,-0.700411
1754,-0.698165
1755,-0.695913
1756,-0.693653
1757,-0.691387
1758,-0.689114
1759,-0.686834
1760,-0.684547
1761,-0.682254
1762,-0.679953
1763,-0.677646
1764,-0.675333
1765,-0.673013
1766,-0.670686
1767,-0.668352
1768,-0.666012
1769,-0.663665
1770,-0.661312
1771,-0.658952
1772,-0.656586
1773,-0.654213
1774,-0.651834
1775,-0.649448
1776,-0.647056
1777,-0.644657
1778,-0.642253
1779,-0.639841
1780,-0.637424
1781,-0.635
1782,-0.63257
1783,-0.630134
1784,-0.627691
1785,-0.625243
1786,-0.622788
1787,-0.620327
1788,-0.61786
1789,-0.615386
1790,-0.612907
1791,-0.610422
1792,-0.60793
1793,-0.605433
1794,-0.60293
1795,-0.60042
1796,-0.597905
1797,-0.595384
1798,-0.592857
1799,-0.590324
1800,-0.587785
1801,-0.585241
1802,-0.58269
1803,-0.580134
1804,-0.577573
1805,-0.575005
1806,-0.572432
1807,-0.569853
1808,-0.567269
1809,-0.564679
1810,-0.562083
1811,-0.559482
1812,-0.556876
1813,-0.554263
1814,-0.551646
1815,-0.549023
1816,-0.546394
1817,-0.54376
1818,-0.541121
1819,-0.538477
1820,-0.535827
1821,-0.533172
1822,-0.530511
1823,-0.527846
1824,-0.525175
1825,-0.522499
1826,-0.519817
1827,-0.517131
1828,-0.51444
1829,-0.511743
1830,-0.509041
1831,-0.506335
1832,-0.503623
1833,-0.500907
1834,-0.498185
1835,-0.495459
1836,-0.492727
1837,-0.489991
1838,-0.48725
1839,-0.484504
1840,-0.481754
1841,-0.478998
1842,-0.476238
1843,-0.473473
1844,-0.470704
1845,-0.46793
1846,-0.465151
1847,-0.462368
1848,-0.45958
1849,-0.456787
1850,-0.45399
1851,-0.451189
1852,-0.448383
1853,-0.445573
1854,-0.442758
1855,-0.439939
1856,-0.437116
1857,-0.434288
1858,-0.431456
1859,-0.42862
1860,-0.425779
1861,-0.422935
1862,-0.420086
1863,-0.417233
1864,-0.414376
1865,-0.411514
1866,-0.408649
1867,-0.40578
1868,-0.402906
1869,-0.400029
1870,-0.397148
1871,-0.394263
1872,-0.391374
1873,-0.388481
1874,-0.385584
1875,-0.382683
1876,-0.379779
1877,-0.376871
1878,-0.373959
1879,-0.371044
1880,-0.368125
1881,-0.365202
1882,-0.362275
1883,-0.359345
1884,-0.356412
1885,-0.353475
1886,-0.350534
1887,-0.34759
1888,-0.344643
1889,-0.341692
1890,-0.338738
1891,-0.33578
1892,-0.33282
1893,-0.329855
1894,-0.326888
1895,-0.323917
1896,-0.320944
1897,-0.317967
1898,-0.314987
1899,-0.312003
1900,-0.309017
1901,-0.306028
1902,-0.303035
1903,-0.30004
1904,-0.297042
1905,-0.29404
1906,-0.291036
1907,-0.288029
1908,-0.285019
1909,-0.282007
1910,-0.278991
1911,-0.275973
1912,-0.272952
1913,-0.269928
1914,-0.266902
1915,-0.263873
1916,-0.260842
1917,-0.257807
1918,-0.254771
1919,-0.251732
1920,-0.24869
1921,-0.245646
1922,-0.242599
1923,-0.23955
1924,-0.236499
1925,-0.233445
1926,-0.230389
1927,-0.227331
1928,-0.224271
1929,-0.221208
1930,-0.218143
1931,-0.215076
1932,-0.212007
1933,-0.208936
1934,-0.205863
1935,-0.202787
1936,-0.19971
1937,-0.196631
1938,-0.193549
1939,-0.190466
1940,-0.187381
1941,-0.184294
1942,-0.181206
1943,-0.178115
1944,-0.175023
1945,-0.171929
1946,-0.168833
1947,-0.165736
1948,-0.162637
1949,-0.159537
1950,-0.156434
1951,-0.153331
1952,-0.150226
1953,-0.147119
1954,-0.144011
1955,-0.140901
1956,-0.13779
1957,-0.134678
1958,-0.131564
1959,-0.128449
1960,-0.125333
1961,-0.122216
1962,-0.119097
1963,-0.115977
1964,-0.112856
1965,-0.109734
1966,-0.106611
1967,-0.103487
1968,-0.100362
1969,-0.097235
1970,-0.094108
1971,-0.09098
1972,-0.087851
1973,-0.084721
1974,-0.081591
1975,-0.078459
1976,-0.075327
1977,-0.072194
1978,-0.06906
1979,-0.065926
1980,-0.062791
1981,-0.059655
1982,-0.056519
1983,-0.053382
1984,-0.050244
1985,-0.047106
1986,-0.043968
1987,-0.040829
1988,-0.03769
1989,-0.034551
1990,-0.031411
1991,-0.028271
1992,-0.02513
1993,-0.021989
1994,-0.018848
1995,-0.015707
1996,-0.012566
1997,-0.009425
1998,-0.006283
1999,-0.003142
2000,0
2001,0.003142
2002,0.006283
2003,0.009425
2004,0.012566
2005,0.015707
2006,0.018848
2007,0.021989
2008,0.02513
2009,0.028271
2010,0.031411
2011,0.034551
2012,0.03769
2013,0.040829
2014,0.043968
2015,0.047106
2016,0.050244
2017,0.053382
2018,0.056519
2019,0.059655
2020,0.062791
2021,0.065926
2022,0.06906
2023,0.072194
2024,0.075327
2025,0.078459
2026,0.081591
2027,0.084721
2028,0.087851
2029,0.09098
2030,0.094108
2031,0.097235
2032,0.100362
2033,0.103487
2034,0.106611
2035,0.109734
2036,0.112856
2037,0.115977
2038,0.119097
2039,0.122216
2040,0.125333
2041,0.128449
2042,0.131564
2043,0.134678
2044,0.13779
2045,0.140901
2046,0.144011
2047,0.147119
2048,0.150226
2049,0.153331
2050,0.156434
2051,0.159537
2052,0.162637
2053,0.165736
2054,0.168833
2055,0.171929
2056,0.175023
2057,0.178115
2058,0.181206
2059,0.184294
2060,0.187381
2061,0.190466
2062,0.193549
2063,0.196631
2064,0.19971
2065,0.202787
2066,0.205863
2067,0.208936
2068,0.212007
2069,0.215076
2070,0.218143
2071,0.221208
2072,0.224271
2073,0.227331
2074,0.230389
2075,0.233445
2076,0.236499
2077,0.23955
2078,0.242599
2079,0.245646
2080,0.24869
2081,0.251732
2082,0.254771
2083,0.257807
2084,0.260842
2085,0.263873
2086,0.266902
2087,0.269928
2088,0.272952
2089,0.275973
2090,0.278991
2091,0.282007
2092,0.285019
2093,0.288029
2094,0.291036
2095,0.29404
2096,0.297042
2097,0.30004
2098,0.303035
2099,0.306028
2100,0.309017
2101,0.312003
2102,0.314987
2103,0.317967
2104,0.320944
2105,0.323917
2106,0.326888
2107,0.329855
2108,0.33282
2109,0.33578
2110,0.338738
2111,0.341692
2112,0.344643
2113,0.34759
2114,0.350534
2115,0.353475
2116,0.356412
2117,0.359345
2118,0.362275
2119,0.365202
2120,0.368125
2121,0.371044
2122,0.373959
2123,0.376871
2124,0.379779
2125,0.382683
2126,0.385584
2127,0.388481
2128,0.391374
2129,0.394263
2130,0.397148
2131,0.400029
2132,0.402906
2133,0.40578
2134,0.408649
2135,0.411514
2136,0.414376
2137,0.417233
2138,0.420086
2139,0.422935
2140,0.425779
2141,0.42862
2142,0.431456
2143,0.434288
2144,0.437116
2145,0.439939
2146,0.442758
2147,0.445573
2148,0.448383
2149,0.451189
2150,0.45399
2151,0.456787
2152,0.45958
2153,0.462368
2154,0.465151
2155,0.46793
2156,0.470704
2157,0.473473
2158,0.476238
2159,0.478998
2160,0.481754
2161,0.484504
2162,0.48725
2163,0.489991
2164,0.492727
2165,0.495459
2166,0.498185
2167,0.500907
2168,0.503623
2169,0.506335
2170,0.509041
2171,0.511743
2172,0.51444
2173,0.517131
2174,0.519817
2175,0.522499
2176,0.525175
2177,0.527846
2178,0.530511
2179,0.533172
2180,0.535827
2181,0.538477
2182,0.541121
2183,0.54376
2184,0.546394
2185,0.549023
2186,0.551646
2187,0.554263
2188,0.556876
2189,0.559482
2190,0.562083
2191,0.564679
2192,0.567269
2193,0.569853
2194,0.572432
2195,0.575005
2196,0.577573
2197,0.580134
2198,0.58269
2199,0.585241
2200,0.587785
2201,0.590324
2202,0.592857
2203,0.595384
2204,0.597905
2205,0.60042
2206,0.60293
2207,0.605433
2208,0.60793
2209,0.610422
2210,0.612907
2211,0.615386
2212,0.61786
2213,0.620327
2214,0.622788
2215,0.625243
2216,0.627691
2217,0.630134
2218,0.63257
2219,0.635
2220,0.637424
2221,0.639841
2222,0.642253
2223,0.644657
2224,0.647056
2225,0.649448
2226,0.651834
2227,0.654213
2228,0.656586
2229,0.658952
2230,0.661312
2231,0.663665
2232,0.666012
2233,0.668352
2234,0.670686
2235,0.673013
2236,0.675333
2237,0.677646
2238,0.679953
2239,0.682254
2240,0.684547
2241,0.686834
2242,0.689114
2243,0.691387
2244,0.693653
2245,0.695913
2246,0.698165
2247,0.700411
2248,0.70265
2249,0.704882
2250,0.707107
2251,0.709325
2252,0.711536
2253,0.71374
2254,0.715936
2255,0.718126
2256,0.720309
2257,0.722485
2258,0.724653
2259,0.726814
2260,0.728969
2261,0.731116
2262,0.733255
2263,0.735388
2264,0.737513
2265,0.739631
2266,0.741742
2267,0.743845
2268,0.745941
2269,0.74803
2270,0.750111
2271,0.752185
2272,0.754251
2273,0.75631
2274,0.758362
2275,0.760406
2276,0.762443
2277,0.764472
2278,0.766493
2279,0.768507
2280,0.770513
2281,0.772512
2282,0.774503
2283,0.776487
2284,0.778462
2285,0.78043
2286,0.782391
2287,0.784343
2288,0.786288
2289,0.788226
2290,0.790155
2291,0.792077
2292,0.79399
2293,0.795896
2294,0.797794
2295,0.799685
2296,0.801567
2297,0.803441
2298,0.805308
2299,0.807166
2300,0.809017
2301,0.81086
2302,0.812694
2303,0.814521
2304,0.816339
2305,0.81815
2306,0.819952
2307,0.821746
2308,0.823533
2309,0.825311
2310,0.827081
2311,0.828842
2312,0.830596
2313,0.832341
2314,0.834078
2315,0.835807
2316,0.837528
2317,0.83924
2318,0.840945
2319,0.84264
2320,0.844328
2321,0.846007
2322,0.847678
2323,0.84934
2324,0.850994
2325,0.85264
2326,0.854277
2327,0.855906
2328,0.857527
2329,0.859139
2330,0.860742
2331,0.862337
2332,0.863923
2333,0.865501
2334,0.867071
2335,0.868632
2336,0.870184
2337,0.871727
2338,0.873262
2339,0.874789
2340,0.876307
2341,0.877816
2342,0.879316
2343,0.880808
2344,0.882291
2345,0.883766
2346,0.885231
2347,0.886688
2348,0.888136
2349,0.889576
2350,0.891007
2351,0.892428
2352,0.893841
2353,0.895246
2354,0.896641
2355,0.898028
2356,0.899405
2357,0.900774
2358,0.902134
2359,0.903485
2360,0.904827
2361,0.90616
2362,0.907484
2363,0.9088
2364,0.910106
2365,0.911403
2366,0.912692
2367,0.913971
2368,0.915241
2369,0.916502
2370,0.917755
2371,0.918998
2372,0.920232
2373,0.921457
2374,0.922673
2375,0.92388
2376,0.925077
2377,0.926266
2378,0.927445
2379,0.928615
2380,0.929776
2381,0.930928
2382,0.932071
2383,0.933205
2384,0.934329
2385,0.935444
2386,0.93655
2387,0.937646
2388,0.938734
2389,0.939812
2390,0.940881
2391,0.94194
2392,0.942991
2393,0.944031
2394,0.945063
2395,0.946085
2396,0.947098
2397,0.948102
2398,0.949096
2399,0.950081
2400,0.951057
2401,0.952023
2402,0.952979
2403,0.953927
2404,0.954865
2405,0.955793
2406,0.956712
2407,0.957622
2408,0.958522
2409,0.959412
2410,0.960294
2411,0.961165
2412,0.962028
2413,0.96288
2414,0.963724
2415,0.964557
2416,0.965382
2417,0.966196
2418,0.967001
2419,0.967797
2420,0.968583
2421,0.96936
2422,0.970127
2423,0.970884
2424,0.971632
2425,0.97237
2426,0.973099
2427,0.973817
2428,0.974527
2429,0.975227
2430,0.975917
2431,0.976597
2432,0.977268
2433,0.977929
2434,0.978581
2435,0.979223
2436,0.979855
2437,0.980478
2438,0.981091
2439,0.981694
2440,0.982287
2441,0.982871
2442,0.983445
2443,0.98401
2444,0.984564
2445,0.985109
2446,0.985645
2447,0.98617
2448,0.986686
2449,0.987192
2450,0.987688
2451,0.988175
2452,0.988652
2453,0.989119
2454,0.989576
2455,0.990024
2456,0.990461
2457,0.990889
2458,0.991308
2459,0.991716
2460,0.992115
2461,0.992504
2462,0.992883
2463,0.993252
2464,0.993611
2465,0.993961
2466,0.994301
2467,0.994631
2468,0.994951
2469,0.995261
2470,0.995562
2471,0.995853
2472,0.996134
2473,0.996405
2474,0.996666
2475,0.996917
2476,0.997159
2477,0.997391
2478,0.997613
2479,0.997825
2480,0.998027
2481,0.998219
2482,0.998402
2483,0.998574
2484,0.998737
2485,0.99889
2486,0.999033
2487,0.999166
2488,0.999289
2489,0.999403
2490,0.999507
2491,0.9996
2492,0.999684
2493,0.999758
2494,0.999822
2495,0.999877
2496,0.999921
2497,0.999956
2498,0.99998
2499,0.999995
2500,1
2501,0.999995
2502,0.99998
2503,0.999956
2504,0.999921
2505,0.999877
2506,0.999822
2507,0.999758
2508,0.999684
2509,0.9996
2510,0.999507
2511,0.999403
2512,0.999289
2513,0.999166
2514,0.999033
2515,0.99889
2516,0.998737
2517,0.998574
2518,0.998402
2519,0.998219
2520,0.998027
2521,0.997825
2522,0.997613
2523,0.997391
2524,0.997159
2525,0.996917
2526,0.996666
2527,0.996405
2528,0.996134
2529,0.995853
2530,0.995562
2531,0.995261
2532,0.994951
2533,0.994631
2534,0.994301
2535,0.993961
2536,0.993611
2537,0.993252
2538,0.992883
2539,0.992504
2540,0.992115
2541,0.991716
2542,0.991308
2543,0.990889
2544,0.990461
2545,0.990024
2546,0.989576
2547,0.989119
2548,0.988652
2549,0.988175
2550,0.987688
2551,0.987192
2552,0.986686
2553,0.98617
2554,0.985645
2555,0.985109
2556,0.984564
2557,0.98401
2558,0.983445
2559,0.982871
2560,0.982287
2561,0.981694
2562,0.981091
2563,0.980478
2564,0.979855
2565,0.979223
2566,0.978581
2567,0.977929
2568,0.977268
2569,0.976597
2570,0.975917
2571,0.975227
2572,0.974527
2573,0.973817
2574,0.973099
2575,0.97237
2576,0.971632
2577,0.970884
2578,0.970127
2579,0.96936
2580,0.968583
2581,0.967797
2582,0.967001
2583,0.966196
2584,0.965382
2585,0.964557
2586,0.963724
2587,0.96288
2588,0.962028
2589,0.961165
2590,0.960294
2591,0.959412
2592,0.958522
2593,0.957622
2594,0.956712
2595,0.955793
2596,0.954865
2597,0.953927
2598,0.952979
2599,0.952023
2600,0.951057
2601,0.950081
2602,0.949096
2603,0.948102
2604,0.947098
2605,0.946085
2606,0.945063
2607,0.944031
2608,0.942991
2609,0.94194
2610,0.940881
2611,0.939812
2612,0.938734
2613,0.937646
2614,0.93655
2615,0.935444
2616,0.934329
2617,0.933205
2618,0.932071
2619,0.930928
2620,0.929776
2621,0.928615
2622,0.927445
2623,0.926266
2624,0.925077
2625,0.92388
2626,0.922673
2627,0.921457
2628,0.920232
2629,0.918998
2630,0.917755
2631,0.916502
2632,0.915241
2633,0.913971
2634,0.912692
2635,0.911403
2636,0.910106
2637,0.9088
2638,0.907484
2639,0.90616
2640,0.904827
2641,0.903485
2642,0.902134
2643,0.900774
2644,0.899405
2645,0.898028
2646,0.896641
2647,0.895246
2648,0.893841
2649,0.892428
2650,0.891007
2651,0.889576
2652,0.888136
2653,0.886688
2654,0.885231
2655,0.883766
2656,0.882291
2657,0.880808
2658,0.879316
2659,0.877816
2660,0.876307
2661,0.874789
2662,0.873262
2663,0.871727
2664,0.870184
2665,0.868632
2666,0.867071
2667,0.865501
2668,0.863923
2669,0.862337
2670,0.860742
2671,0.859139
2672,0.857527
2673,0.855906
2674,0.854277
2675,0.85264
2676,0.850994
2677,0.84934
2678,0.847678
2679,0.846007
2680,0.844328
2681,0.84264
2682,0.840945
2683,0.83924
2684,0.837528
2685,0.835807
2686,0.834078
2687,0.832341
2688,0.830596
2689,0.828842
2690,0.827081
2691,0.825311
2692,0.823533
2693,0.821746
2694,0.819952
2695,0.81815
2696,0.816339
2697,0.814521
2698,0.812694
2699,0.81086
2700,0.809017
2701,0.807166
2702,0.805308
2703,0.803441
2704,0.801567
2705,0.799685
2706,0.797794
2707,0.795896
2708,0.79399
2709,0.792077
2710,0.790155
2711,0.788226
2712,0.786288
2713,0.784343
2714,0.782391
2715,0.78043
2716,0.778462
2717,0.776487
2718,0.774503
2719,0.772512
2720,0.770513
2721,0.768507
2722,0.766493
2723,0.764472
2724,0.762443
2725,0.760406
2726,0.758362
2727,0.75631
2728,0.754251
2729,0.752185
2730,0.750111
2731,0.74803
2732,0.745941
2733,0.743845
2734,0.741742
2735,0.739631
2736,0.737513
2737,0.735388
2738,0.733255
2739,0.731116
2740,0.728969
2741,0.726814
2742,0.724653
2743,0.722485
2744,0.720309
2745,0.718126
2746,0.715936
2747,0.71374
2748,0.711536
2749,0.709325
2750,0.707107
2751,0.704882
2752,0.70265
2753,0.700411
2754,0.698165
2755,0.695913
2756,0.693653
2757,0.691387
2758,0.689114
2759,0.686834
2760,0.684547
2761,0.682254
2762,0.679953
2763,0.677646
2764,0.675333
2765,0.673013
2766,0.670686
2767,0.668352
2768,0.666012
2769,0.663665
2770,0.661312
2771,0.658952
2772,0.656586
2773,0.654213
2774,0.651834
2775,0.649448
2776,0.647056
2777,0.644657
2778,0.642253
2779,0.639841
2780,0.637424
2781,0.635
2782,0.63257
2783,0.630134
2784,0.627691
2785,0.625243
2786,0.622788
2787,0.620327
2788,0.61786
2789,0.615386
2790,0.612907
2791,0.610422
2792,0.60793
2793,0.605433
2794,0.60293
2795,0.60042
2796,0.597905
2797,0.595384
2798,0.592857
2799,0.590324
2800,0.587785
2801,0.585241
2802,0.58269
2803,0.580134
2804,0.577573
2805,0.575005
2806,0.572432
2807,0.569853
2808,0.567269
2809,0.564679
2810,0.562083
2811,0.559482
2812,0.556876
2813,0.554263
2814,0.551646
2815,0.549023
2816,0.546394
2817,0.54376
2818,0.541121
2819,0.538477
2820,0.535827
2821,0.533172
2822,0.530511
2823,0.527846
2824,0.525175
2825,0.522499
2826,0.519817
2827,0.517131
2828,0.51444
2829,0.511743
2830,0.509041
2831,0.506335
2832,0.503623
2833,0.500907
2834,0.498185
2835,0.495459
2836,0.492727
2837,0.489991
2838,0.48725
2839,0.484504
2840,0.481754
2841,0.478998
2842,0.476238
2843,0.473473
2844,0.470704
2845,0.46793
2846,0.465151
2847,0.462368
2848,0.45958
2849,0.456787
2850,0.45399
2851,0.451189
2852,0.448383
2853,0.445573
2854,0.442758
2855,0.439939
2856,0.437116
2857,0.434288
2858,0.431456
2859,0.42862
2860,0.425779
2861,0.422935
2862,0.420086
2863,0.417233
2864,0.414376
2865,0.411514
2866,0.408649
2867,0.40578
2868,0.402906
2869,0.400029
2870,0.397148
2871,0.394263
2872,0.391374
2873,0.388481
2874,0.385584
2875,0.382683
2876,0.379779
2877,0.376871
2878,0.373959
2879,0.371044
2880,0.368125
2881,0.365202
2882,0.362275
2883,0.359345
2884,0.356412
2885,0.353475
2886,0.350534
2887,0.34759
2888,0.344643
2889,0.341692
2890,0.338738
2891,0.33578
2892,0.33282
2893,0.329855
2894,0.326888
2895,0.323917
2896,0.320944
2897,0.317967
2898,0.314987
2899,0.312003
2900,0.309017
2901,0.306028
2902,0.303035
2903,0.30004
2904,0.297042
2905,0.29404
2906,0.291036
2907,0.288029
2908,0.285019
2909,0.282007
2910,0.278991
2911,0.275973
2912,0.272952
2913,0.269928
2914,0.266902
2915,0.263873
2916,0.260842
2917,0.257807
2918,0.254771
2919,0.251732
2920,0.24869
2921,0.245646
2922,0.242599
2923,0.23955
2924,0.236499
2925,0.233445
2926,0.230389
2927,0.227331
2928,0.224271
2929,0.221208
2930,0.218143
2931,0.215076
2932,0.212007
2933,0.208936
2934,0.205863
2935,0.202787
2936,0.19971
2937,0.196631
2938,0.193549
2939,0.190466
2940,0.187381
2941,0.184294
2942,0.181206
2943,0.178115
2944,0.175023
2945,0.171929
2946,0.168833
2947,0.165736
2948,0.162637
2949,0.159537
2950,0.156434
2951,0.153331
2952,0.150226
2953,0.147119
2954,0.144011
2955,0.140901
2956,0.13779
2957,0.134678
2958,0.131564
2959,0.128449
2960,0.125333
2961,0.122216
2962,0.119097
2963,0.115977
2964,0.112856
2965,0.109734
2966,0.106611
2967,0.103487
2968,0.100362
2969,0.097235
2970,0.094108
2971,0.09098
2972,0.087851
2973,0.084721
2974,0.081591
2975,0.078459
2976,0.075327
2977,0.072194
2978,0.06906
2979,0.065926
2980,0.062791
2981,0.059655
2982,0.056519
2983,0.053382
2984,0.050244
2985,0.047106
2986,0.043968
2987,0.040829
2988,0.03769
2989,0.034551
2990,0.031411
2991,0.028271
2992,0.02513
2993,0.021989
2994,0.018848
2995,0.015707
2996,0.012566
2997,0.009425
2998,0.006283
2999,0.003142
3000,0
3001,-0.003142
3002,-0.006283
3003,-0.009425
3004,-0.012566
3005,-0.015707
3006,-0.018848
3007,-0.021989
3008,-0.02513
3009,-0.028271
3010,-0.031411
3011,-0.034551
3012,-0.03769
3013,-0.040829
3014,-0.043968
3015,-0.047106
3016,-0.050244
3017,-0.053382
3018,-0.056519
3019,-0.059655
3020,-0.062791
3021,-0.065926
3022,-0.06906
3023,-0.072194
3024,-0.075327
3025,-0.078459
3026,-0.081591
3027,-0.084721
3028,-0.087851
3029,-0.09098
3030,-0.094108
3031,-0.097235
3032,-0.100362
3033,-0.103487
3034,-0.106611
3035,-0.109734
3036,-0.112856
3037,-0.115977
3038,-0.119097
3039,-0.122216
3040,-0.125333
3041,-0.128449
3042,-0.131564
3043,-0.134678
3044,-0.13779
3045,-0.140901
3046,-0.144011
3047,-0.147119
3048,-0.150226
3049,-0.153331
3050,-0.156434
3051,-0.159537
3052,-0.162637
3053,-0.165736
3054,-0.168833
3055,-0.171929
3056,-0.175023
3057,-0.178115
3058,-0.181206
3059,-0.184294
3060,-0.187381
3061,-0.190466
3062,-0.193549
3063,-0.196631
3064,-0.19971
3065,-0.202787
3066,-0.205863
3067,-0.208936
3068,-0.212007
3069,-0.215076
3070,-0.218143
3071,-0.221208
3072,-0.224271
3073,-0.227331
3074,-0.230389
3075,-0.233445
3076,-0.236499
3077,-0.23955
3078,-0.242599
3079,-0.245646
3080,-0.24869
3081,-0.251732
3082,-0.254771
3083,-0.257807
3084,-0.260842
3085,-0.263873
3086,-0.266902
3087,-0.269928
3088,-0.272952
3089,-0.275973
3090,-0.278991
3091,-0.282007
3092,-0.285019
3093,-0.288029
3094,-0.291036
3095,-0.29404
3096,-0.297042
3097,-0.30004
3098,-0.303035
3099,-0.306028
3100,-0.309017
3101,-0.312003
3102,-0.314987
3103,-0.317967
3104,-0.320944
3105,-0.323917
3106,-0.326888
3107,-0.329855
3108,-0.33282
3109,-0.33578
3110,-0.338738
3111,-0.341692
3112,-0.344643
3113,-0.34759
3114,-0.350534
3115,-0.353475
3116,-0.356412
3117,-0.359345
3118,-0.362275
3119,-0.365202
3120,-0.368125
3121,-0.371044
3122,-0.373959
3123,-0.376871
3124,-0.379779
3125,-0.382683
3126,-0.385584
3127,-0.388481
3128,-0.391374
3129,-0.394263
3130,-0.397148
3131,-0.400029
3132,-0.402906
3133,-0.40578
3134,-0.408649
3135,-0.411514
3136,-0.414376
3137,-0.417233
3138,-0.420086
3139,-0.422935
3140,-0.425779
3141,-0.42862
3142,-0.431456
3143,-0.434288
3144,-0.437116
3145,-0.439939
3146,-0.442758
3147,-0.445573
3148,-0.448383
3149,-0.451189
3150,-0.45399
3151,-0.456787
3152,-0.45958
3153,-0.462368
3154,-0.465151
3155,-0.46793
3156,-0.470704
3157,-0.473473
3158,-0.476238
3159,-0.478998
3160,-0.481754
3161,-0.484504
3162,-0.48725
3163,-0.489991
3164,-0.492727
3165,-0.495459
3166,-0.498185
3167,-0.500907
3168,-0.503623
3169,-0.506335
3170,-0.509041
3171,-0.511743
3172,-0.51444
3173,-0.517131
3174,-0.519817
3175,-0.522499
3176,-0.525175
3177,-0.527846
3178,-0.530511
3179,-0.533172
3180,-0.535827
3181,-0.538477
3182,-0.541121
3183,-0.54376
3184,-0.546394
3185,-0.549023
3186,-0.551646
3187,-0.554263
3188,-0.556876
3189,-0.559482
3190,-0.562083
3191,-0.564679
3192,-0.567269
3193,-0.569853
3194,-0.572432
3195,-0.575005
3196,-0.577573
3197,-0.580134
3198,-0.58269
3199,-0.585241
3200,-0.587785
3201,-0.590324
3202,-0.592857
3203,-0.595384
3204,-0.597905
3205,-0.60042
3206,-0.60293
3207,-0.605433
3208,-0.60793
3209,-0.610422
3210,-0.612907
3211,-0.615386
3212,-0.61786
3213,-0.620327
3214,-0.622788
3215,-0.625243
3216,-0.627691
3217,-0.630134
3218,-0.63257
3219,-0.635
3220,-0.637424
3221,-0.639841
3222,-0.642253
3223,-0.644657
3224,-0.647056
3225,-0.649448
3226,-0.651834
3227,-0.654213
3228,-0.656586
3229,-0.658952
3230,-0.661312
3231,-0.663665
3232,-0.666012
3233,-0.668352
3234,-0.670686
3235,-0.673013
3236,-0.675333
3237,-0.677646
3238,-0.679953
3239,-0.682254
3240,-0.684547
3241,-0.686834
3242,-0.689114
3243,-0.691387
3244,-0.693653
3245,-0.695913
3246,-0.698165
3247,-0.700411
3248,-0.70265
3249,-0.704882
3250,-0.707107
3251,-0.709325
3252,-0.711536
3253,-0.71374
3254,-0.715936
3255,-0.718126
3256,-0.720309
3257,-0.722485
3258,-0.724653
3259,-0.726814
3260,-0.728969
3261,-0.731116
3262,-0.733255
3263,-0.735388
3264,-0.737513
3265,-0.739631
3266,-0.741742
3267,-0.743845
3268,-0.745941
3269,-0.74803
3270,-0.750111
3271,-0.752185
3272,-0.754251
3273,-0.75631
3274,-0.758362
3275,-0.760406
3276,-0.762443
3277,-0.764472
3278,-0.766493
3279,-0.768507
3280,-0.770513
3281,-0.772512
3282,-0.774503
3283,-0.776487
3284,-0.778462
3285,-0.78043
3286,-0.782391
3287,-0.784343
3288,-0.786288
3289,-0.788226
3290,-0.790155
3291,-0.792077
3292,-0.79399
3293,-0.795896
3294,-0.797794
3295,-0.799685
3296,-0.801567
3297,-0.803441
3298,-0.805308
3299,-0.807166
3300,-0.809017
3301,-0.81086
3302,-0.812694
3303,-0.814521
3304,-0.816339
3305,-0.81815
3306,-0.819952
3307,-0.821746
3308,-0.823533
3309,-0.825311
3310,-0.827081
3311,-0.828842
3312,-0.830596
3313,-0.832341
3314,-0.834078
3315,-0.835807
3316,-0.837528
3317,-0.83924
3318,-0.840945
3319,-0.84264
3320,-0.844328
3321,-0.846007
3322,-0.847678
3323,-0.84934
3324,-0.850994
3325,-0.85264
3326,-0.854277
3327,-0.855906
3328,-0.857527
3329,-0.859139
3330,-0.860742
3331,-0.862337
3332,-0.863923
3333,-0.865501
3334,-0.867071
3335,-0.868632
3336,-0.870184
3337,-0.871727
3338,-0.873262
3339,-0.874789
3340,-0.876307
3341,-0.877816
3342,-0.879316
3343,-0.880808
3344,-0.882291
3345,-0.883766
3346,-0.885231
3347,-0.886688
3348,-0.888136
3349,-0.889576
3350,-0.891007
3351,-0.892428
3352,-0.893841
3353,-0.895246
3354,-0.896641
3355,-0.898028
3356,-0.899405
3357,-0.900774
3358,-0.902134
3359,-0.903485
3360,-0.904827
3361,-0.90616
3362,-0.907484
3363,-0.9088
3364,-0.910106
3365,-0.911403
3366,-0.912692
3367,-0.913971
3368,-0.915241
3369,-0.916502
3370,-0.917755
3371,-0.918998
3372,-0.920232
3373,-0.921457
3374,-0.922673
3375,-0.92388
3376,-0.925077
3377,-0.926266
3378,-0.927445
3379,-0.928615
3380,-0.929776
3381,-0.930928
3382,-0.932071
3383,-0.933205
3384,-0.934329
3385,-0.935444
3386,-0.93655
3387,-0.937646
3388,-0.938734
3389,-0.939812
3390,-0.940881
3391,-0.94194
3392,-0.942991
3393,-0.944031
3394,-0.945063
3395,-0.946085
3396,-0.947098
3397,-0.948102
3398,-0.949096
3399,-0.950081
3400,-0.951057
3401,-0.952023
3402,-0.952979
3403,-0.953927
3404,-0.954865
3405,-0.955793
3406,-0.956712
3407,-0.957622
3408,-0.958522
3409,-0.959412
3410,-0.960294
3411,-0.961165
3412,-0.962028
3413,-0.96288
3414,-0.963724
3415,-0.964557
3416,-0.965382
3417,-0.966196
3418,-0.967001
3419,-0.967797
3420,-0.968583
3421,-0.96936
3422,-0.970127
3423,-0.970884
3424,-0.971632
3425,-0.97237
3426,-0.973099
3427,-0.973817
3428,-0.974527
3429,-0.975227
3430,-0.975917
3431,-0.976597
3432,-0.977268
3433,-0.977929
3434,-0.978581
3435,-0.979223
3436,-0.979855
3437,-0.980478
3438,-0.981091
3439,-0.981694
3440,-0.982287
3441,-0.982871
3442,-0.983445
3443,-0.98401
3444,-0.984564
3445,-0.985109
3446,-0.985645
3447,-0.98617
3448,-0.986686
3449,-0.987192
3450,-0.987688
3451,-0.988175
3452,-0.988652
3453,-0.989119
3454,-0.989576
3455,-0.990024
3456,-0.990461
3457,-0.990889
3458,-0.991308
3459,-0.991716
3460,-0.992115
3461,-0.992504
3462,-0.992883
3463,-0.993252
3464,-0.993611
3465,-0.993961
3466,-0.994301
3467,-0.994631
3468,-0.994951
3469,-0.995261
3470,-0.995562
3471,-0.995853
3472,-0.996134
3473,-0.996405
3474,-0.996666
3475,-0.996917
3476,-0.997159
3477,-0.997391
3478,-0.997613
3479,-0.997825
3480,-0.998027
3481,-0.998219
3482,-0.998402
3483,-0.998574
3484,-0.998737
3485,-0.99889
3486,-0.999033
3487,-0.999166
3488,-0.999289
3489,-0.999403
3490,-0.999507
3491,-0.9996
3492,-0.999684
3493,-0.999758
3494,-0.999822
3495,-0.999877
3496,-0.999921
3497,-0.999956
3498,-0.99998
3499,-0.999995
3500,-1
3501,-0.999995
3502,-0.99998
3503,-0.999956
3504,-0.999921
3505,-0.999877
3506,-0.999822
3507,-0.999758
3508,-0.999684
3509,-0.9996
3510,-0.999507
3511,-0.999403
3512,-0.999289
3513,-0.999166
3514,-0.999033
3515,-0.99889
3516,-0.998737
3517,-0.998574
3518,-0.998402
3519,-0.998219
3520,-0.998027
3521,-0.997825
3522,-0.997613
3523,-0.997391
3524,-0.997159
3525,-0.996917
3526,-0.996666
3527,-0.996405
3528,-0.996134
3529,-0.995853
3530,-0.995562
3531,-0.995261
3532,-0.994951
3533,-0.994631
3534,-0.994301
3535,-0.993961
3536,-0.993611
3537,-0.993252
3538,-0.992883
3539,-0.992504
3540,-0.992115
3541,-0.991716
3542,-0.991308
3543,-0.990889
3544,-0.990461
3545,-0.990024
3546,-0.989576
3547,-0.989119
3548,-0.988652
3549,-0.988175
3550,-0.987688
3551,-0.987192
3552,-0.986686
3553,-0.98617
3554,-0.985645
3555,-0.985109
3556,-0.984564
3557,-0.98401
3558,-0.983445
3559,-0.982871
3560,-0.982287
3561,-0.981694
3562,-0.981091
3563,-0.980478
3564,-0.979855
3565,-0.979223
3566,-0.978581
3567,-0.977929
3568,-0.977268
3569,-0.976597
3570,-0.975917
3571,-0.975227
3572,-0.974527
3573,-0.973817
3574,-0.973099
3575,-0.97237
3576,-0.971632
3577,-0.970884
3578,-0.970127
3579,-0.96936
3580,-0.968583
3581,-0.967797
3582,-0.967001
3583,-0.966196
3584,-0.965382
3585,-0.964557
3586,-0.963724
3587,-0.96288
3588,-0.962028
3589,-0.961165
3590,-0.960294
3591,-0.959412
3592,-0.958522
3593,-0.957622
3594,-0.956712
3595,-0.955793
3596,-0.954865
3597,-0.953927
3598,-0.952979
3599,-0.952023
3600,-0.951057
3601,-0.950081
3602,-0.949096
3603,-0.948102
3604,-0.947098
3605,-0.946085
3606,-0.945063
3607,-0.944031
3608,-0.942991
3609,-0.94194
3610,-0.940881
3611,-0.939812
3612,-0.938734
3613,-0.937646
3614,-0.93655
3615,-0.935444
3616,-0.934329
3617,-0.933205
3618,-0.932071
3619,-0.930928
3620,-0.929776
3621,-0.928615
3622,-0.927445
3623,-0.926266
3624,-0.925077
3625,-0.92388
3626,-0.922673
3627,-0.921457
3628,-0.920232
3629,-0.918998
3630,-0.917755
3631,-0.916502
3632,-0.915241
3633,-0.913971
3634,-0.912692
3635,-0.911403
3636,-0.910106
3637,-0.9088
3638,-0.907484
3639,-0.90616
3640,-0.904827
3641,-0.903485
3642,-0.902134
3643,-0.900774
3644,-0.899405
3645,-0.898028
3646,-0.896641
3647,-0.895246
3648,-0.893841
3649,-0.892428
3650,-0.891007
3651,-0.889576
3652,-0.888136
3653,-0.886688
3654,-0.885231
3655,-0.883766
3656,-0.882291
3657,-0.880808
3658,-0.879316
3659,-0.877816
3660,-0.876307
3661,-0.874789
3662,-0.873262
3663,-0.871727
3664,-0.870184
3665,-0.868632
3666,-0.867071
3667,-0.865501
3668,-0.863923
3669,-0.862337
3670,-0.860742
3671,-0.859139
3672,-0.857527
3673,-0.855906
3674,-0.854277
3675,-0.85264
3676,-0.850994
3677,-0.84934
3678,-0.847678
3679,-0.846007
3680,-0.844328
3681,-0.84264
3682,-0.840945
3683,-0.83924
3684,-0.837528
3685,-0.835807
3686,-0.834078
3687,-0.832341
3688,-0.830596
3689,-0.828842
3690,-0.827081
3691,-0.825311
3692,-0.823533
3693,-0.821746
3694,-0.819952
3695,-0.81815
3696,-0.816339
3697,-0.814521
3698,-0.812694
3699,-0.81086
3700,-0.809017
3701,-0.807166
3702,-0.805308
3703,-0.803441
3704,-0.801567
3705,-0.799685
3706,-0.797794
3707,-0.795896
3708,-0.79399
3709,-0.792077
3710,-0.790155
3711,-0.788226
3712,-0.786288
3713,-0.784343
3714,-0.782391
3715,-0.78043
3716,-0.778462
3717,-0.776487
3718,-0.774503
3719,-0.772512
3720,-0.770513
3721,-0.768507
3722,-0.766493
3723,-0.764472
3724,-0.762443
3725,-0.760406
3726,-0.758362
3727,-0.75631
3728,-0.754251
3729,-0.752185
3730,-0.750111
3731,-0.74803
3732,-0.745941
3733,-0.743845
3734,-0.741742
3735,-0.739631
3736,-0.737513
3737,-0.735388
3738,-0.733255
3739,-0.731116
3740,-0.728969
3741,-0.726814
3742,-0.724653
3743,-0.722485
3744,-0.720309
3745,-0.718126
3746,-0.715936
3747,-0.71374
3748,-0.711536
3749,-0.709325
3750,-0.707107
3751,-0.704882
3752,-0.70265
3753,-0.700411
3754,-0.698165
3755,-0.695913
3756,-0.693653
3757,-0.691387
3758,-0.689114
3759,-0.686834
3760,-0.684547
3761,-0.682254
3762,-0.679953
3763,-0.677646
3764,-0.675333
3765,-0.673013
3766,-0.670686
3767,-0.668352
3768,-0.666012
3769,-0.663665
3770,-0.661312
3771,-0.658952
3772,-0.656586
3773,-0.654213
3774,-0.651834
3775,-0.649448
3776,-0.647056
3777,-0.644657
3778,-0.642253
3779,-0.639841
3780,-0.637424
3781,-0.635
3782,-0.63257
3783,-0.630134
3784,-0.627691
3785,-0.625243
3786,-0.622788
3787,-0.620327
3788,-0.61786
3789,-0.615386
3790,-0.612907
3791,-0.610422
3792,-0.60793
3793,-0.605433
3794,-0.60293
3795,-0.60042
3796,-0.597905
3797,-0.595384
3798,-0.592857
3799,-0.590324
3800,-0.587785
3801,-0.585241
3802,-0.58269
3803,-0.580134
3804,-0.577573
3805,-0.575005
3806,-0.572432
3807,-0.569853
3808,-0.567269
3809,-0.564679
3810,-0.562083
3811,-0.559482
3812,-0.556876
3813,-0.554263
3814,-0.551646
3815,-0.549023
3816,-0.546394
3817,-0.54376
3818,-0.541121
3819,-0.538477
3820,-0.535827
3821,-0.533172
3822,-0.530511
3823,-0.527846
3824,-0.525175
3825,-0.522499
3826,-0.519817
3827,-0.517131
3828,-0.51444
3829,-0.511743
3830,-0.509041
3831,-0.506335
3832,-0.503623
3833,-0.500907
3834,-0.498185
3835,-0.495459
3836,-0.492727
3837,-0.489991
3838,-0.48725
3839,-0.484504
3840,-0.481754
3841,-0.478998
3842,-0.476238
3843,-0.473473
3844,-0.470704
3845,-0.46793
3846,-0.465151
3847,-0.462368
3848,-0.45958
3849,-0.456787
3850,-0.45399
3851,-0.451189
3852,-0.448383
3853,-0.445573
3854,-0.442758
3855,-0.439939
3856,-0.437116
3857,-0.434288
3858,-0.431456
3859,-0.42862
3860,-0.425779
3861,-0.422935
3862,-0.420086
3863,-0.417233
3864,-0.414376
3865,-0.411514
3866,-0.408649
3867,-0.40578
3868,-0.402906
3869,-0.400029
3870,-0.397148
3871,-0.394263
3872,-0.391374
3873,-0.388481
3874,-0.385584
3875,-0.382683
3876,-0.379779
3877,-0.376871
3878,-0.373959
3879,-0.371044
3880,-0.368125
3881,-0.365202
3882,-0.362275
3883,-0.359345
3884,-0.356412
3885,-0.353475
3886,-0.350534
3887,-0.34759
3888,-0.344643
3889,-0.341692
3890,-0.338738
3891,-0.33578
3892,-0.33282
3893,-0.329855
3894,-0.326888
3895,-0.323917
3896,-0.320944
3897,-0.317967
3898,-0.314987
3899,-0.312003
3900,-0.309017
3901,-0.306028
3902,-0.303035
3903,-0.30004
3904,-0.297042
3905,-0.29404
3906,-0.291036
3907,-0.288029
3908,-0.285019
3909,-0.282007
3910,-0.278991
3911,-0.275973
3912,-0.272952
3913,-0.269928
3914,-0.266902
3915,-0.263873
3916,-0.260842
3917,-0.257807
3918,-0.254771
3919,-0.251732
3920,-0.24869
3921,-0.245646
3922,-0.242599
3923,-0.23955
3924,-0.236499
3925,-0.233445
3926,-0.230389
3927,-0.227331
3928,-0.224271
3929,-0.221208
3930,-0.218143
3931,-0.215076
3932,-0.212007
3933,-0.208936
3934,-0.205863
3935,-0.202787
3936,-0.19971
3937,-0.196631
3938,-0.193549
3939,-0.190466
3940,-0.187381
3941,-0.184294
3942,-0.181206
3943,-0.178115
3944,-0.175023
3945,-0.171929
3946,-0.168833
3947,-0.165736
3948,-0.162637
3949,-0.159537
3950,-0.156434
3951,-0.153331
3952,-0.150226
3953,-0.147119
3954,-0.144011
3955,-0.140901
3956,-0.13779
3957,-0.134678
3958,-0.131564
3959,-0.128449
3960,-0.125333
3961,-0.122216
3962,-0.119097
3963,-0.115977
3964,-0.112856
3965,-0.109734
3966,-0.106611
3967,-0.103487
3968,-0.100362
3969,-0.097235
3970,-0.094108
3971,-0.09098
3972,-0.087851
3973,-0.084721
3974,-0.081591
3975,-0.078459
3976,-0.075327
3977,-0.072194
3978,-0.06906
3979,-0.065926
3980,-0.062791
3981,-0.059655
3982,-0.056519
3983,-0.053382
3984,-0.050244
3985,-0.047106
3986,-0.043968
3987,-0.040829
3988,-0.03769
3989,-0.034551
3990,-0.031411
3991,-0.028271
3992,-0.02513
3993,-0.021989
3994,-0.018848
3995,-0.015707
3996,-0.012566
3997,-0.009425
3998,-0.006283
3999,-0.003142